domain,niche_match,dr_filter,source,ahrefs,wayback,buy_link,valuation_floor
cloudflare.com,solidworks,DR25+,spamzilla-solidworks,https://ahrefs.com/backlink-checker?input=cloudflare.com,https://web.archive.org/web/*/cloudflare.com,https://porkbun.com/checkout/search?q=cloudflare.com,$500
blueprintarchive.com,seed-facility,DR25+,seed,https://ahrefs.com/backlink-checker?input=blueprintarchive.com,https://web.archive.org/web/*/blueprintarchive.com,https://porkbun.com/checkout/search?q=blueprintarchive.com,$500
cnc-tool-library.com,seed-facility,DR25+,seed,https://ahrefs.com/backlink-checker?input=cnc-tool-library.com,https://web.archive.org/web/*/cnc-tool-library.com,https://porkbun.com/checkout/search?q=cnc-tool-library.com,$500
draftingstandards.com,seed-facility,DR25+,seed,https://ahrefs.com/backlink-checker?input=draftingstandards.com,https://web.archive.org/web/*/draftingstandards.com,https://porkbun.com/checkout/search?q=draftingstandards.com,$500
3dprintblueprints.com,seed-facility,DR25+,seed,https://ahrefs.com/backlink-checker?input=3dprintblueprints.com,https://web.archive.org/web/*/3dprintblueprints.com,https://porkbun.com/checkout/search?q=3dprintblueprints.com,$500
beatmakingacademy.com,seed-facility,DR25+,seed,https://ahrefs.com/backlink-checker?input=beatmakingacademy.com,https://web.archive.org/web/*/beatmakingacademy.com,https://porkbun.com/checkout/search?q=beatmakingacademy.com,$500
vstvault.com,seed-facility,DR25+,seed,https://ahrefs.com/backlink-checker?input=vstvault.com,https://web.archive.org/web/*/vstvault.com,https://porkbun.com/checkout/search?q=vstvault.com,$500
mixingmasterclass.com,seed-facility,DR25+,seed,https://ahrefs.com/backlink-checker?input=mixingmasterclass.com,https://web.archive.org/web/*/mixingmasterclass.com,https://porkbun.com/checkout/search?q=mixingmasterclass.com,$500
sounddesignarchive.com,seed-facility,DR25+,seed,https://ahrefs.com/backlink-checker?input=sounddesignarchive.com,https://web.archive.org/web/*/sounddesignarchive.com,https://porkbun.com/checkout/search?q=sounddesignarchive.com,$500
audioproductionhub.com,seed-facility,DR25+,seed,https://ahrefs.com/backlink-checker?input=audioproductionhub.com,https://web.archive.org/web/*/audioproductionhub.com,https://porkbun.com/checkout/search?q=audioproductionhub.com,$500
